CNPJ_CIA;DT_REFER;VERSAO;DENOM_CIA;CD_CVM;GRUPO_DFP;MOEDA;ESCALA_MOEDA;ORDEM_EXERC;DT_FIM_EXERC;CD_CONTA;DS_CONTA;VL_CONTA;ST_CONTA_FIXA
02.800.026/0001-40;2019-12-31;1;COGNA EDUCAÇĂO S.A.;017973;DF Consolidado - Balanço Patrimonial Passivo;REAL;MIL;PENÚLTIMO;2018-12-31;2;Passivo Total;31949129.0000000000;S
02.800.026/0001-40;2019-12-31;1;COGNA EDUCAÇĂO S.A.;017973;DF Consolidado - Balanço Patrimonial Passivo;REAL;MIL;ÚLTIMO;2019-12-31;2;Passivo Total;34118446.0000000000;S
02.800.026/0001-40;2019-12-31;1;COGNA EDUCAÇĂO S.A.;017973;DF Consolidado - Balanço Patrimonial Passivo;REAL;MIL;PENÚLTIMO;2018-12-31;2.01;Passivo Circulante;2565496.0000000000;S
02.800.026/0001-40;2019-12-31;1;COGNA EDUCAÇĂO S.A.;017973;DF Consolidado - Balanço Patrimonial Passivo;REAL;MIL;ÚLTIMO;2019-12-31;2.01;Passivo Circulante;2750625.0000000000;S
02.800.026/0001-40;2019-12-31;1;COGNA EDUCAÇĂO S.A.;017973;DF Consolidado - Balanço Patrimonial Passivo;REAL;MIL;PENÚLTIMO;2018-12-31;2.01.01;Obrigaçőes Sociais e Trabalhistas;508251.0000000000;S
02.800.026/0001-40;2019-12-31;1;COGNA EDUCAÇĂO S.A.;017973;DF Consolidado - Balanço Patrimonial Passivo;REAL;MIL;ÚLTIMO;2019-12-31;2.01.01;Obrigaçőes Sociais e Trabalhistas;463527.0000000000;S
02.800.026/0001-40;2019-12-31;1;COGNA EDUCAÇĂO S.A.;017973;DF Consolidado - Balanço Patrimonial Passivo;REAL;MIL;PENÚLTIMO;2018-12-31;2.01.01.01;Obrigaçőes Sociais;0.0000000000;S
02.800.026/0001-40;2019-12-31;1;COGNA EDUCAÇĂO S.A.;017973;DF Consolidado - Balanço Patrimonial Passivo;REAL;MIL;ÚLTIMO;2019-12-31;2.01.01.01;Obrigaçőes Sociais;0.0000000000;S
02.800.026/0001-40;2019-12-31;1;COGNA EDUCAÇĂO S.A.;017973;DF Consolidado - Balanço Patrimonial Passivo;REAL;MIL;PENÚLTIMO;2018-12-31;2.01.01.02;Obrigaçőes Trabalhistas;0.0000000000;S
02.800.026/0001-40;2019-12-31;1;COGNA EDUCAÇĂO S.A.;017973;DF Consolidado - Balanço Patrimonial Passivo;REAL;MIL;ÚLTIMO;2019-12-31;2.01.01.02;Obrigaçőes Trabalhistas;463527.0000000000;S
02.800.026/0001-40;2019-12-31;1;COGNA EDUCAÇĂO S.A.;017973;DF Consolidado - Balanço Patrimonial Passivo;REAL;MIL;PENÚLTIMO;2018-12-31;2.01.02;Fornecedores;866954.0000000000;S
02.800.026/0001-40;2019-12-31;1;COGNA EDUCAÇĂO S.A.;017973;DF Consolidado - Balanço Patrimonial Passivo;REAL;MIL;ÚLTIMO;2019-12-31;2.01.02;Fornecedores;879086.0000000000;S
02.800.026/0001-40;2019-12-31;1;COGNA EDUCAÇĂO S.A.;017973;DF Consolidado - Balanço Patrimonial Passivo;REAL;MIL;PENÚLTIMO;2018-12-31;2.01.02.01;Fornecedores Nacionais;866954.0000000000;S
02.800.026/0001-40;2019-12-31;1;COGNA EDUCAÇĂO S.A.;017973;DF Consolidado - Balanço Patrimonial Passivo;REAL;MIL;ÚLTIMO;2019-12-31;2.01.02.01;Fornecedores Nacionais;879086.0000000000;S
02.800.026/0001-40;2019-12-31;1;COGNA EDUCAÇĂO S.A.;017973;DF Consolidado - Balanço Patrimonial Passivo;REAL;MIL;PENÚLTIMO;2018-12-31;2.01.02.01.01;Fornecedores;474980.0000000000;N
02.800.026/0001-40;2019-12-31;1;COGNA EDUCAÇĂO S.A.;017973;DF Consolidado - Balanço Patrimonial Passivo;REAL;MIL;ÚLTIMO;2019-12-31;2.01.02.01.01;Fornecedores;537430.0000000000;N
02.800.026/0001-40;2019-12-31;1;COGNA EDUCAÇĂO S.A.;017973;DF Consolidado - Balanço Patrimonial Passivo;REAL;MIL;PENÚLTIMO;2018-12-31;2.01.02.01.02;Fornecedores risco sacado;391974.0000000000;N
02.800.026/0001-40;2019-12-31;1;COGNA EDUCAÇĂO S.A.;017973;DF Consolidado - Balanço Patrimonial Passivo;REAL;MIL;ÚLTIMO;2019-12-31;2.01.02.01.02;Fornecedores risco sacado;341656.0000000000;N
02.800.026/0001-40;2019-12-31;1;COGNA EDUCAÇĂO S.A.;017973;DF Consolidado - Balanço Patrimonial Passivo;REAL;MIL;PENÚLTIMO;2018-12-31;2.01.02.02;Fornecedores Estrangeiros;0.0000000000;S
02.800.026/0001-40;2019-12-31;1;COGNA EDUCAÇĂO S.A.;017973;DF Consolidado - Balanço Patrimonial Passivo;REAL;MIL;ÚLTIMO;2019-12-31;2.01.02.02;Fornecedores Estrangeiros;0.0000000000;S
02.800.026/0001-40;2019-12-31;1;COGNA EDUCAÇĂO S.A.;017973;DF Consolidado - Balanço Patrimonial Passivo;REAL;MIL;PENÚLTIMO;2018-12-31;2.01.03;Obrigaçőes Fiscais;118072.0000000000;S
02.800.026/0001-40;2019-12-31;1;COGNA EDUCAÇĂO S.A.;017973;DF Consolidado - Balanço Patrimonial Passivo;REAL;MIL;ÚLTIMO;2019-12-31;2.01.03;Obrigaçőes Fiscais;176784.0000000000;S
02.800.026/0001-40;2019-12-31;1;COGNA EDUCAÇĂO S.A.;017973;DF Consolidado - Balanço Patrimonial Passivo;REAL;MIL;PENÚLTIMO;2018-12-31;2.01.03.01;Obrigaçőes Fiscais Federais;118072.0000000000;S
02.800.026/0001-40;2019-12-31;1;COGNA EDUCAÇĂO S.A.;017973;DF Consolidado - Balanço Patrimonial Passivo;REAL;MIL;ÚLTIMO;2019-12-31;2.01.03.01;Obrigaçőes Fiscais Federais;176784.0000000000;S
02.800.026/0001-40;2019-12-31;1;COGNA EDUCAÇĂO S.A.;017973;DF Consolidado - Balanço Patrimonial Passivo;REAL;MIL;PENÚLTIMO;2018-12-31;2.01.03.01.01;Imposto de Renda e Contribuiçăo Social a Pagar;27875.0000000000;S
02.800.026/0001-40;2019-12-31;1;COGNA EDUCAÇĂO S.A.;017973;DF Consolidado - Balanço Patrimonial Passivo;REAL;MIL;ÚLTIMO;2019-12-31;2.01.03.01.01;Imposto de Renda e Contribuiçăo Social a Pagar;60608.0000000000;S
02.800.026/0001-40;2019-12-31;1;COGNA EDUCAÇĂO S.A.;017973;DF Consolidado - Balanço Patrimonial Passivo;REAL;MIL;PENÚLTIMO;2018-12-31;2.01.03.01.02;Tributos a Pagar;75676.0000000000;N
02.800.026/0001-40;2019-12-31;1;COGNA EDUCAÇĂO S.A.;017973;DF Consolidado - Balanço Patrimonial Passivo;REAL;MIL;ÚLTIMO;2019-12-31;2.01.03.01.02;Tributos a Pagar;101792.0000000000;N
02.800.026/0001-40;2019-12-31;1;COGNA EDUCAÇĂO S.A.;017973;DF Consolidado - Balanço Patrimonial Passivo;REAL;MIL;PENÚLTIMO;2018-12-31;2.01.03.01.03;Impostos e Contribuiçőes Parcelados;14521.0000000000;N
02.800.026/0001-40;2019-12-31;1;COGNA EDUCAÇĂO S.A.;017973;DF Consolidado - Balanço Patrimonial Passivo;REAL;MIL;ÚLTIMO;2019-12-31;2.01.03.01.03;Impostos e Contribuiçőes Parcelados;14384.0000000000;N
02.800.026/0001-40;2019-12-31;1;COGNA EDUCAÇĂO S.A.;017973;DF Consolidado - Balanço Patrimonial Passivo;REAL;MIL;PENÚLTIMO;2018-12-31;2.01.03.02;Obrigaçőes Fiscais Estaduais;0.0000000000;S
02.800.026/0001-40;2019-12-31;1;COGNA EDUCAÇĂO S.A.;017973;DF Consolidado - Balanço Patrimonial Passivo;REAL;MIL;ÚLTIMO;2019-12-31;2.01.03.02;Obrigaçőes Fiscais Estaduais;0.0000000000;S
02.800.026/0001-40;2019-12-31;1;COGNA EDUCAÇĂO S.A.;017973;DF Consolidado - Balanço Patrimonial Passivo;REAL;MIL;PENÚLTIMO;2018-12-31;2.01.03.03;Obrigaçőes Fiscais Municipais;0.0000000000;S
02.800.026/0001-40;2019-12-31;1;COGNA EDUCAÇĂO S.A.;017973;DF Consolidado - Balanço Patrimonial Passivo;REAL;MIL;ÚLTIMO;2019-12-31;2.01.03.03;Obrigaçőes Fiscais Municipais;0.0000000000;S
02.800.026/0001-40;2019-12-31;1;COGNA EDUCAÇĂO S.A.;017973;DF Consolidado - Balanço Patrimonial Passivo;REAL;MIL;PENÚLTIMO;2018-12-31;2.01.04;Empréstimos e Financiamentos;527517.0000000000;S
02.800.026/0001-40;2019-12-31;1;COGNA EDUCAÇĂO S.A.;017973;DF Consolidado - Balanço Patrimonial Passivo;REAL;MIL;ÚLTIMO;2019-12-31;2.01.04;Empréstimos e Financiamentos;727302.0000000000;S
02.800.026/0001-40;2019-12-31;1;COGNA EDUCAÇĂO S.A.;017973;DF Consolidado - Balanço Patrimonial Passivo;REAL;MIL;PENÚLTIMO;2018-12-31;2.01.04.01;Empréstimos e Financiamentos;4671.0000000000;S
02.800.026/0001-40;2019-12-31;1;COGNA EDUCAÇĂO S.A.;017973;DF Consolidado - Balanço Patrimonial Passivo;REAL;MIL;ÚLTIMO;2019-12-31;2.01.04.01;Empréstimos e Financiamentos;531.0000000000;S
02.800.026/0001-40;2019-12-31;1;COGNA EDUCAÇĂO S.A.;017973;DF Consolidado - Balanço Patrimonial Passivo;REAL;MIL;PENÚLTIMO;2018-12-31;2.01.04.01.01;Em Moeda Nacional;0.0000000000;S
02.800.026/0001-40;2019-12-31;1;COGNA EDUCAÇĂO S.A.;017973;DF Consolidado - Balanço Patrimonial Passivo;REAL;MIL;ÚLTIMO;2019-12-31;2.01.04.01.01;Em Moeda Nacional;0.0000000000;S
02.800.026/0001-40;2019-12-31;1;COGNA EDUCAÇĂO S.A.;017973;DF Consolidado - Balanço Patrimonial Passivo;REAL;MIL;PENÚLTIMO;2018-12-31;2.01.04.01.02;Em Moeda Estrangeira;0.0000000000;S
02.800.026/0001-40;2019-12-31;1;COGNA EDUCAÇĂO S.A.;017973;DF Consolidado - Balanço Patrimonial Passivo;REAL;MIL;ÚLTIMO;2019-12-31;2.01.04.01.02;Em Moeda Estrangeira;0.0000000000;S
02.800.026/0001-40;2019-12-31;1;COGNA EDUCAÇĂO S.A.;017973;DF Consolidado - Balanço Patrimonial Passivo;REAL;MIL;PENÚLTIMO;2018-12-31;2.01.04.02;Debęntures;522846.0000000000;S
02.800.026/0001-40;2019-12-31;1;COGNA EDUCAÇĂO S.A.;017973;DF Consolidado - Balanço Patrimonial Passivo;REAL;MIL;ÚLTIMO;2019-12-31;2.01.04.02;Debęntures;578998.0000000000;S
02.800.026/0001-40;2019-12-31;1;COGNA EDUCAÇĂO S.A.;017973;DF Consolidado - Balanço Patrimonial Passivo;REAL;MIL;PENÚLTIMO;2018-12-31;2.01.04.03;Financiamento por Arrendamento;0.0000000000;S
02.800.026/0001-40;2019-12-31;1;COGNA EDUCAÇĂO S.A.;017973;DF Consolidado - Balanço Patrimonial Passivo;REAL;MIL;ÚLTIMO;2019-12-31;2.01.04.03;Financiamento por Arrendamento;147773.0000000000;S
02.800.026/0001-40;2019-12-31;1;COGNA EDUCAÇĂO S.A.;017973;DF Consolidado - Balanço Patrimonial Passivo;REAL;MIL;PENÚLTIMO;2018-12-31;2.01.05;Outras Obrigaçőes;544702.0000000000;S
02.800.026/0001-40;2019-12-31;1;COGNA EDUCAÇĂO S.A.;017973;DF Consolidado - Balanço Patrimonial Passivo;REAL;MIL;ÚLTIMO;2019-12-31;2.01.05;Outras Obrigaçőes;503926.0000000000;S
02.800.026/0001-40;2019-12-31;1;COGNA EDUCAÇĂO S.A.;017973;DF Consolidado - Balanço Patrimonial Passivo;REAL;MIL;PENÚLTIMO;2018-12-31;2.01.05.01;Passivos com Partes Relacionadas;0.0000000000;S
02.800.026/0001-40;2019-12-31;1;COGNA EDUCAÇĂO S.A.;017973;DF Consolidado - Balanço Patrimonial Passivo;REAL;MIL;ÚLTIMO;2019-12-31;2.01.05.01;Passivos com Partes Relacionadas;0.0000000000;S
02.800.026/0001-40;2019-12-31;1;COGNA EDUCAÇĂO S.A.;017973;DF Consolidado - Balanço Patrimonial Passivo;REAL;MIL;PENÚLTIMO;2018-12-31;2.01.05.01.01;Débitos com Coligadas;0.0000000000;S
02.800.026/0001-40;2019-12-31;1;COGNA EDUCAÇĂO S.A.;017973;DF Consolidado - Balanço Patrimonial Passivo;REAL;MIL;ÚLTIMO;2019-12-31;2.01.05.01.01;Débitos com Coligadas;0.0000000000;S
02.800.026/0001-40;2019-12-31;1;COGNA EDUCAÇĂO S.A.;017973;DF Consolidado - Balanço Patrimonial Passivo;REAL;MIL;PENÚLTIMO;2018-12-31;2.01.05.01.03;Débitos com Controladores;0.0000000000;S
02.800.026/0001-40;2019-12-31;1;COGNA EDUCAÇĂO S.A.;017973;DF Consolidado - Balanço Patrimonial Passivo;REAL;MIL;ÚLTIMO;2019-12-31;2.01.05.01.03;Débitos com Controladores;0.0000000000;S
02.800.026/0001-40;2019-12-31;1;COGNA EDUCAÇĂO S.A.;017973;DF Consolidado - Balanço Patrimonial Passivo;REAL;MIL;PENÚLTIMO;2018-12-31;2.01.05.01.04;Débitos com Outras Partes Relacionadas;0.0000000000;S
02.800.026/0001-40;2019-12-31;1;COGNA EDUCAÇĂO S.A.;017973;DF Consolidado - Balanço Patrimonial Passivo;REAL;MIL;ÚLTIMO;2019-12-31;2.01.05.01.04;Débitos com Outras Partes Relacionadas;0.0000000000;S
02.800.026/0001-40;2019-12-31;1;COGNA EDUCAÇĂO S.A.;017973;DF Consolidado - Balanço Patrimonial Passivo;REAL;MIL;PENÚLTIMO;2018-12-31;2.01.05.02;Outros;544702.0000000000;S
02.800.026/0001-40;2019-12-31;1;COGNA EDUCAÇĂO S.A.;017973;DF Consolidado - Balanço Patrimonial Passivo;REAL;MIL;ÚLTIMO;2019-12-31;2.01.05.02;Outros;503926.0000000000;S
02.800.026/0001-40;2019-12-31;1;COGNA EDUCAÇĂO S.A.;017973;DF Consolidado - Balanço Patrimonial Passivo;REAL;MIL;PENÚLTIMO;2018-12-31;2.01.05.02.01;Dividendos e JCP a Pagar;0.0000000000;S
02.800.026/0001-40;2019-12-31;1;COGNA EDUCAÇĂO S.A.;017973;DF Consolidado - Balanço Patrimonial Passivo;REAL;MIL;ÚLTIMO;2019-12-31;2.01.05.02.01;Dividendos e JCP a Pagar;0.0000000000;S
02.800.026/0001-40;2019-12-31;1;COGNA EDUCAÇĂO S.A.;017973;DF Consolidado - Balanço Patrimonial Passivo;REAL;MIL;PENÚLTIMO;2018-12-31;2.01.05.02.02;Dividendo Mínimo Obrigatório a Pagar;0.0000000000;S
02.800.026/0001-40;2019-12-31;1;COGNA EDUCAÇĂO S.A.;017973;DF Consolidado - Balanço Patrimonial Passivo;REAL;MIL;ÚLTIMO;2019-12-31;2.01.05.02.02;Dividendo Mínimo Obrigatório a Pagar;0.0000000000;S
02.800.026/0001-40;2019-12-31;1;COGNA EDUCAÇĂO S.A.;017973;DF Consolidado - Balanço Patrimonial Passivo;REAL;MIL;PENÚLTIMO;2018-12-31;2.01.05.02.03;Obrigaçőes por Pagamentos Baseados em Açőes;0.0000000000;S
02.800.026/0001-40;2019-12-31;1;COGNA EDUCAÇĂO S.A.;017973;DF Consolidado - Balanço Patrimonial Passivo;REAL;MIL;ÚLTIMO;2019-12-31;2.01.05.02.03;Obrigaçőes por Pagamentos Baseados em Açőes;0.0000000000;S
02.800.026/0001-40;2019-12-31;1;COGNA EDUCAÇĂO S.A.;017973;DF Consolidado - Balanço Patrimonial Passivo;REAL;MIL;PENÚLTIMO;2018-12-31;2.01.05.02.04;Dividendos a Pagar;27178.0000000000;N
02.800.026/0001-40;2019-12-31;1;COGNA EDUCAÇĂO S.A.;017973;DF Consolidado - Balanço Patrimonial Passivo;REAL;MIL;ÚLTIMO;2019-12-31;2.01.05.02.04;Dividendos a Pagar;42.0000000000;N
02.800.026/0001-40;2019-12-31;1;COGNA EDUCAÇĂO S.A.;017973;DF Consolidado - Balanço Patrimonial Passivo;REAL;MIL;PENÚLTIMO;2018-12-31;2.01.05.02.05;Contas a Pagar - Aquisiçőes;132440.0000000000;N
02.800.026/0001-40;2019-12-31;1;COGNA EDUCAÇĂO S.A.;017973;DF Consolidado - Balanço Patrimonial Passivo;REAL;MIL;ÚLTIMO;2019-12-31;2.01.05.02.05;Contas a Pagar - Aquisiçőes;117976.0000000000;N
02.800.026/0001-40;2019-12-31;1;COGNA EDUCAÇĂO S.A.;017973;DF Consolidado - Balanço Patrimonial Passivo;REAL;MIL;PENÚLTIMO;2018-12-31;2.01.05.02.06;Adiantamentos de Clientes;303857.0000000000;N
02.800.026/0001-40;2019-12-31;1;COGNA EDUCAÇĂO S.A.;017973;DF Consolidado - Balanço Patrimonial Passivo;REAL;MIL;ÚLTIMO;2019-12-31;2.01.05.02.06;Adiantamentos de Clientes;318409.0000000000;N
02.800.026/0001-40;2019-12-31;1;COGNA EDUCAÇĂO S.A.;017973;DF Consolidado - Balanço Patrimonial Passivo;REAL;MIL;PENÚLTIMO;2018-12-31;2.01.05.02.07;Demais contas a Pagar;81227.0000000000;N
02.800.026/0001-40;2019-12-31;1;COGNA EDUCAÇĂO S.A.;017973;DF Consolidado - Balanço Patrimonial Passivo;REAL;MIL;ÚLTIMO;2019-12-31;2.01.05.02.07;Demais contas a Pagar;67499.0000000000;N
02.800.026/0001-40;2019-12-31;1;COGNA EDUCAÇĂO S.A.;017973;DF Consolidado - Balanço Patrimonial Passivo;REAL;MIL;PENÚLTIMO;2018-12-31;2.01.05.02.08;Fornecedores confirming;0.0000000000;N
02.800.026/0001-40;2019-12-31;1;COGNA EDUCAÇĂO S.A.;017973;DF Consolidado - Balanço Patrimonial Passivo;REAL;MIL;ÚLTIMO;2019-12-31;2.01.05.02.08;Fornecedores confirming;0.0000000000;N
02.800.026/0001-40;2019-12-31;1;COGNA EDUCAÇĂO S.A.;017973;DF Consolidado - Balanço Patrimonial Passivo;REAL;MIL;PENÚLTIMO;2018-12-31;2.01.06;Provisőes;0.0000000000;S
02.800.026/0001-40;2019-12-31;1;COGNA EDUCAÇĂO S.A.;017973;DF Consolidado - Balanço Patrimonial Passivo;REAL;MIL;ÚLTIMO;2019-12-31;2.01.06;Provisőes;0.0000000000;S
02.800.026/0001-40;2019-12-31;1;COGNA EDUCAÇĂO S.A.;017973;DF Consolidado - Balanço Patrimonial Passivo;REAL;MIL;PENÚLTIMO;2018-12-31;2.01.06.01;Provisőes Fiscais Previdenciárias Trabalhistas e Cíveis;0.0000000000;S
02.800.026/0001-40;2019-12-31;1;COGNA EDUCAÇĂO S.A.;017973;DF Consolidado - Balanço Patrimonial Passivo;REAL;MIL;ÚLTIMO;2019-12-31;2.01.06.01;Provisőes Fiscais Previdenciárias Trabalhistas e Cíveis;0.0000000000;S
02.800.026/0001-40;2019-12-31;1;COGNA EDUCAÇĂO S.A.;017973;DF Consolidado - Balanço Patrimonial Passivo;REAL;MIL;PENÚLTIMO;2018-12-31;2.01.06.01.01;Provisőes Fiscais;0.0000000000;S
02.800.026/0001-40;2019-12-31;1;COGNA EDUCAÇĂO S.A.;017973;DF Consolidado - Balanço Patrimonial Passivo;REAL;MIL;ÚLTIMO;2019-12-31;2.01.06.01.01;Provisőes Fiscais;0.0000000000;S
02.800.026/0001-40;2019-12-31;1;COGNA EDUCAÇĂO S.A.;017973;DF Consolidado - Balanço Patrimonial Passivo;REAL;MIL;PENÚLTIMO;2018-12-31;2.01.06.01.02;Provisőes Previdenciárias e Trabalhistas;0.0000000000;S
02.800.026/0001-40;2019-12-31;1;COGNA EDUCAÇĂO S.A.;017973;DF Consolidado - Balanço Patrimonial Passivo;REAL;MIL;ÚLTIMO;2019-12-31;2.01.06.01.02;Provisőes Previdenciárias e Trabalhistas;0.0000000000;S
02.800.026/0001-40;2019-12-31;1;COGNA EDUCAÇĂO S.A.;017973;DF Consolidado - Balanço Patrimonial Passivo;REAL;MIL;PENÚLTIMO;2018-12-31;2.01.06.01.03;Provisőes para Benefícios a Empregados;0.0000000000;S
02.800.026/0001-40;2019-12-31;1;COGNA EDUCAÇĂO S.A.;017973;DF Consolidado - Balanço Patrimonial Passivo;REAL;MIL;ÚLTIMO;2019-12-31;2.01.06.01.03;Provisőes para Benefícios a Empregados;0.0000000000;S
02.800.026/0001-40;2019-12-31;1;COGNA EDUCAÇĂO S.A.;017973;DF Consolidado - Balanço Patrimonial Passivo;REAL;MIL;PENÚLTIMO;2018-12-31;2.01.06.01.04;Provisőes Cíveis;0.0000000000;S
02.800.026/0001-40;2019-12-31;1;COGNA EDUCAÇĂO S.A.;017973;DF Consolidado - Balanço Patrimonial Passivo;REAL;MIL;ÚLTIMO;2019-12-31;2.01.06.01.04;Provisőes Cíveis;0.0000000000;S
02.800.026/0001-40;2019-12-31;1;COGNA EDUCAÇĂO S.A.;017973;DF Consolidado - Balanço Patrimonial Passivo;REAL;MIL;PENÚLTIMO;2018-12-31;2.01.06.02;Outras Provisőes;0.0000000000;S
02.800.026/0001-40;2019-12-31;1;COGNA EDUCAÇĂO S.A.;017973;DF Consolidado - Balanço Patrimonial Passivo;REAL;MIL;ÚLTIMO;2019-12-31;2.01.06.02;Outras Provisőes;0.0000000000;S
02.800.026/0001-40;2019-12-31;1;COGNA EDUCAÇĂO S.A.;017973;DF Consolidado - Balanço Patrimonial Passivo;REAL;MIL;PENÚLTIMO;2018-12-31;2.01.06.02.01;Provisőes para Garantias;0.0000000000;S
02.800.026/0001-40;2019-12-31;1;COGNA EDUCAÇĂO S.A.;017973;DF Consolidado - Balanço Patrimonial Passivo;REAL;MIL;ÚLTIMO;2019-12-31;2.01.06.02.01;Provisőes para Garantias;0.0000000000;S
02.800.026/0001-40;2019-12-31;1;COGNA EDUCAÇĂO S.A.;017973;DF Consolidado - Balanço Patrimonial Passivo;REAL;MIL;PENÚLTIMO;2018-12-31;2.01.06.02.02;Provisőes para Reestruturaçăo;0.0000000000;S
02.800.026/0001-40;2019-12-31;1;COGNA EDUCAÇĂO S.A.;017973;DF Consolidado - Balanço Patrimonial Passivo;REAL;MIL;ÚLTIMO;2019-12-31;2.01.06.02.02;Provisőes para Reestruturaçăo;0.0000000000;S
02.800.026/0001-40;2019-12-31;1;COGNA EDUCAÇĂO S.A.;017973;DF Consolidado - Balanço Patrimonial Passivo;REAL;MIL;PENÚLTIMO;2018-12-31;2.01.06.02.03;Provisőes para Passivos Ambientais e de Desativaçăo;0.0000000000;S
02.800.026/0001-40;2019-12-31;1;COGNA EDUCAÇĂO S.A.;017973;DF Consolidado - Balanço Patrimonial Passivo;REAL;MIL;ÚLTIMO;2019-12-31;2.01.06.02.03;Provisőes para Passivos Ambientais e de Desativaçăo;0.0000000000;S
02.800.026/0001-40;2019-12-31;1;COGNA EDUCAÇĂO S.A.;017973;DF Consolidado - Balanço Patrimonial Passivo;REAL;MIL;PENÚLTIMO;2018-12-31;2.01.07;Passivos sobre Ativos Năo-Correntes a Venda e Descontinuados;0.0000000000;S
02.800.026/0001-40;2019-12-31;1;COGNA EDUCAÇĂO S.A.;017973;DF Consolidado - Balanço Patrimonial Passivo;REAL;MIL;ÚLTIMO;2019-12-31;2.01.07;Passivos sobre Ativos Năo-Correntes a Venda e Descontinuados;0.0000000000;S
02.800.026/0001-40;2019-12-31;1;COGNA EDUCAÇĂO S.A.;017973;DF Consolidado - Balanço Patrimonial Passivo;REAL;MIL;PENÚLTIMO;2018-12-31;2.01.07.01;Passivos sobre Ativos Năo-Correntes a Venda;0.0000000000;S
02.800.026/0001-40;2019-12-31;1;COGNA EDUCAÇĂO S.A.;017973;DF Consolidado - Balanço Patrimonial Passivo;REAL;MIL;ÚLTIMO;2019-12-31;2.01.07.01;Passivos sobre Ativos Năo-Correntes a Venda;0.0000000000;S
02.800.026/0001-40;2019-12-31;1;COGNA EDUCAÇĂO S.A.;017973;DF Consolidado - Balanço Patrimonial Passivo;REAL;MIL;PENÚLTIMO;2018-12-31;2.01.07.02;Passivos sobre Ativos de Operaçőes Descontinuadas;0.0000000000;S
02.800.026/0001-40;2019-12-31;1;COGNA EDUCAÇĂO S.A.;017973;DF Consolidado - Balanço Patrimonial Passivo;REAL;MIL;ÚLTIMO;2019-12-31;2.01.07.02;Passivos sobre Ativos de Operaçőes Descontinuadas;0.0000000000;S
02.800.026/0001-40;2019-12-31;1;COGNA EDUCAÇĂO S.A.;017973;DF Consolidado - Balanço Patrimonial Passivo;REAL;MIL;PENÚLTIMO;2018-12-31;2.02;Passivo Năo Circulante;11910573.0000000000;S
02.800.026/0001-40;2019-12-31;1;COGNA EDUCAÇĂO S.A.;017973;DF Consolidado - Balanço Patrimonial Passivo;REAL;MIL;ÚLTIMO;2019-12-31;2.02;Passivo Năo Circulante;15532552.0000000000;S
02.800.026/0001-40;2019-12-31;1;COGNA EDUCAÇĂO S.A.;017973;DF Consolidado - Balanço Patrimonial Passivo;REAL;MIL;PENÚLTIMO;2018-12-31;2.02.01;Empréstimos e Financiamentos;7156105.0000000000;S
02.800.026/0001-40;2019-12-31;1;COGNA EDUCAÇĂO S.A.;017973;DF Consolidado - Balanço Patrimonial Passivo;REAL;MIL;ÚLTIMO;2019-12-31;2.02.01;Empréstimos e Financiamentos;11378737.0000000000;S
02.800.026/0001-40;2019-12-31;1;COGNA EDUCAÇĂO S.A.;017973;DF Consolidado - Balanço Patrimonial Passivo;REAL;MIL;PENÚLTIMO;2018-12-31;2.02.01.01;Empréstimos e Financiamentos;50445.0000000000;S
02.800.026/0001-40;2019-12-31;1;COGNA EDUCAÇĂO S.A.;017973;DF Consolidado - Balanço Patrimonial Passivo;REAL;MIL;ÚLTIMO;2019-12-31;2.02.01.01;Empréstimos e Financiamentos;161.0000000000;S
02.800.026/0001-40;2019-12-31;1;COGNA EDUCAÇĂO S.A.;017973;DF Consolidado - Balanço Patrimonial Passivo;REAL;MIL;PENÚLTIMO;2018-12-31;2.02.01.01.01;Em Moeda Nacional;0.0000000000;S
02.800.026/0001-40;2019-12-31;1;COGNA EDUCAÇĂO S.A.;017973;DF Consolidado - Balanço Patrimonial Passivo;REAL;MIL;ÚLTIMO;2019-12-31;2.02.01.01.01;Em Moeda Nacional;0.0000000000;S
02.800.026/0001-40;2019-12-31;1;COGNA EDUCAÇĂO S.A.;017973;DF Consolidado - Balanço Patrimonial Passivo;REAL;MIL;PENÚLTIMO;2018-12-31;2.02.01.01.02;Em Moeda Estrangeira;0.0000000000;S
02.800.026/0001-40;2019-12-31;1;COGNA EDUCAÇĂO S.A.;017973;DF Consolidado - Balanço Patrimonial Passivo;REAL;MIL;ÚLTIMO;2019-12-31;2.02.01.01.02;Em Moeda Estrangeira;0.0000000000;S
02.800.026/0001-40;2019-12-31;1;COGNA EDUCAÇĂO S.A.;017973;DF Consolidado - Balanço Patrimonial Passivo;REAL;MIL;PENÚLTIMO;2018-12-31;2.02.01.02;Debęntures;7105660.0000000000;S
02.800.026/0001-40;2019-12-31;1;COGNA EDUCAÇĂO S.A.;017973;DF Consolidado - Balanço Patrimonial Passivo;REAL;MIL;ÚLTIMO;2019-12-31;2.02.01.02;Debęntures;7504875.0000000000;S
02.800.026/0001-40;2019-12-31;1;COGNA EDUCAÇĂO S.A.;017973;DF Consolidado - Balanço Patrimonial Passivo;REAL;MIL;PENÚLTIMO;2018-12-31;2.02.01.03;Financiamento por Arrendamento;0.0000000000;S
02.800.026/0001-40;2019-12-31;1;COGNA EDUCAÇĂO S.A.;017973;DF Consolidado - Balanço Patrimonial Passivo;REAL;MIL;ÚLTIMO;2019-12-31;2.02.01.03;Financiamento por Arrendamento;3873701.0000000000;S
02.800.026/0001-40;2019-12-31;1;COGNA EDUCAÇĂO S.A.;017973;DF Consolidado - Balanço Patrimonial Passivo;REAL;MIL;PENÚLTIMO;2018-12-31;2.02.02;Outras Obrigaçőes;238510.0000000000;S
02.800.026/0001-40;2019-12-31;1;COGNA EDUCAÇĂO S.A.;017973;DF Consolidado - Balanço Patrimonial Passivo;REAL;MIL;ÚLTIMO;2019-12-31;2.02.02;Outras Obrigaçőes;263401.0000000000;S
02.800.026/0001-40;2019-12-31;1;COGNA EDUCAÇĂO S.A.;017973;DF Consolidado - Balanço Patrimonial Passivo;REAL;MIL;PENÚLTIMO;2018-12-31;2.02.02.01;Passivos com Partes Relacionadas;0.0000000000;S
02.800.026/0001-40;2019-12-31;1;COGNA EDUCAÇĂO S.A.;017973;DF Consolidado - Balanço Patrimonial Passivo;REAL;MIL;ÚLTIMO;2019-12-31;2.02.02.01;Passivos com Partes Relacionadas;0.0000000000;S
02.800.026/0001-40;2019-12-31;1;COGNA EDUCAÇĂO S.A.;017973;DF Consolidado - Balanço Patrimonial Passivo;REAL;MIL;PENÚLTIMO;2018-12-31;2.02.02.01.01;Débitos com Coligadas;0.0000000000;S
02.800.026/0001-40;2019-12-31;1;COGNA EDUCAÇĂO S.A.;017973;DF Consolidado - Balanço Patrimonial Passivo;REAL;MIL;ÚLTIMO;2019-12-31;2.02.02.01.01;Débitos com Coligadas;0.0000000000;S
02.800.026/0001-40;2019-12-31;1;COGNA EDUCAÇĂO S.A.;017973;DF Consolidado - Balanço Patrimonial Passivo;REAL;MIL;PENÚLTIMO;2018-12-31;2.02.02.01.03;Débitos com Controladores;0.0000000000;S
02.800.026/0001-40;2019-12-31;1;COGNA EDUCAÇĂO S.A.;017973;DF Consolidado - Balanço Patrimonial Passivo;REAL;MIL;ÚLTIMO;2019-12-31;2.02.02.01.03;Débitos com Controladores;0.0000000000;S
02.800.026/0001-40;2019-12-31;1;COGNA EDUCAÇĂO S.A.;017973;DF Consolidado - Balanço Patrimonial Passivo;REAL;MIL;PENÚLTIMO;2018-12-31;2.02.02.01.04;Débitos com Outras Partes Relacionadas;0.0000000000;S
02.800.026/0001-40;2019-12-31;1;COGNA EDUCAÇĂO S.A.;017973;DF Consolidado - Balanço Patrimonial Passivo;REAL;MIL;ÚLTIMO;2019-12-31;2.02.02.01.04;Débitos com Outras Partes Relacionadas;0.0000000000;S
02.800.026/0001-40;2019-12-31;1;COGNA EDUCAÇĂO S.A.;017973;DF Consolidado - Balanço Patrimonial Passivo;REAL;MIL;PENÚLTIMO;2018-12-31;2.02.02.02;Outros;238510.0000000000;S
02.800.026/0001-40;2019-12-31;1;COGNA EDUCAÇĂO S.A.;017973;DF Consolidado - Balanço Patrimonial Passivo;REAL;MIL;ÚLTIMO;2019-12-31;2.02.02.02;Outros;263401.0000000000;S
02.800.026/0001-40;2019-12-31;1;COGNA EDUCAÇĂO S.A.;017973;DF Consolidado - Balanço Patrimonial Passivo;REAL;MIL;PENÚLTIMO;2018-12-31;2.02.02.02.01;Obrigaçőes por Pagamentos Baseados em Açőes;0.0000000000;S
02.800.026/0001-40;2019-12-31;1;COGNA EDUCAÇĂO S.A.;017973;DF Consolidado - Balanço Patrimonial Passivo;REAL;MIL;ÚLTIMO;2019-12-31;2.02.02.02.01;Obrigaçőes por Pagamentos Baseados em Açőes;0.0000000000;S
02.800.026/0001-40;2019-12-31;1;COGNA EDUCAÇĂO S.A.;017973;DF Consolidado - Balanço Patrimonial Passivo;REAL;MIL;PENÚLTIMO;2018-12-31;2.02.02.02.02;Adiantamento para Futuro Aumento de Capital;0.0000000000;S
02.800.026/0001-40;2019-12-31;1;COGNA EDUCAÇĂO S.A.;017973;DF Consolidado - Balanço Patrimonial Passivo;REAL;MIL;ÚLTIMO;2019-12-31;2.02.02.02.02;Adiantamento para Futuro Aumento de Capital;0.0000000000;S
02.800.026/0001-40;2019-12-31;1;COGNA EDUCAÇĂO S.A.;017973;DF Consolidado - Balanço Patrimonial Passivo;REAL;MIL;PENÚLTIMO;2018-12-31;2.02.02.02.03;Impostos e Contribuiçőes Parcelados;27299.0000000000;N
02.800.026/0001-40;2019-12-31;1;COGNA EDUCAÇĂO S.A.;017973;DF Consolidado - Balanço Patrimonial Passivo;REAL;MIL;ÚLTIMO;2019-12-31;2.02.02.02.03;Impostos e Contribuiçőes Parcelados;17846.0000000000;N
02.800.026/0001-40;2019-12-31;1;COGNA EDUCAÇĂO S.A.;017973;DF Consolidado - Balanço Patrimonial Passivo;REAL;MIL;PENÚLTIMO;2018-12-31;2.02.02.02.04;Contas a Pagar - Aquisiçőes;193357.0000000000;N
02.800.026/0001-40;2019-12-31;1;COGNA EDUCAÇĂO S.A.;017973;DF Consolidado - Balanço Patrimonial Passivo;REAL;MIL;ÚLTIMO;2019-12-31;2.02.02.02.04;Contas a Pagar - Aquisiçőes;165260.0000000000;N
02.800.026/0001-40;2019-12-31;1;COGNA EDUCAÇĂO S.A.;017973;DF Consolidado - Balanço Patrimonial Passivo;REAL;MIL;PENÚLTIMO;2018-12-31;2.02.02.02.05;Demais Contas a Pagar;17854.0000000000;N
02.800.026/0001-40;2019-12-31;1;COGNA EDUCAÇĂO S.A.;017973;DF Consolidado - Balanço Patrimonial Passivo;REAL;MIL;ÚLTIMO;2019-12-31;2.02.02.02.05;Demais Contas a Pagar;80295.0000000000;N
02.800.026/0001-40;2019-12-31;1;COGNA EDUCAÇĂO S.A.;017973;DF Consolidado - Balanço Patrimonial Passivo;REAL;MIL;PENÚLTIMO;2018-12-31;2.02.03;Tributos Diferidos;879977.0000000000;S
02.800.026/0001-40;2019-12-31;1;COGNA EDUCAÇĂO S.A.;017973;DF Consolidado - Balanço Patrimonial Passivo;REAL;MIL;ÚLTIMO;2019-12-31;2.02.03;Tributos Diferidos;786947.0000000000;S
02.800.026/0001-40;2019-12-31;1;COGNA EDUCAÇĂO S.A.;017973;DF Consolidado - Balanço Patrimonial Passivo;REAL;MIL;PENÚLTIMO;2018-12-31;2.02.03.01;Imposto de Renda e Contribuiçăo Social Diferidos;879977.0000000000;S
02.800.026/0001-40;2019-12-31;1;COGNA EDUCAÇĂO S.A.;017973;DF Consolidado - Balanço Patrimonial Passivo;REAL;MIL;ÚLTIMO;2019-12-31;2.02.03.01;Imposto de Renda e Contribuiçăo Social Diferidos;786947.0000000000;S
02.800.026/0001-40;2019-12-31;1;COGNA EDUCAÇĂO S.A.;017973;DF Consolidado - Balanço Patrimonial Passivo;REAL;MIL;PENÚLTIMO;2018-12-31;2.02.04;Provisőes;3635981.0000000000;S
02.800.026/0001-40;2019-12-31;1;COGNA EDUCAÇĂO S.A.;017973;DF Consolidado - Balanço Patrimonial Passivo;REAL;MIL;ÚLTIMO;2019-12-31;2.02.04;Provisőes;3103467.0000000000;S
02.800.026/0001-40;2019-12-31;1;COGNA EDUCAÇĂO S.A.;017973;DF Consolidado - Balanço Patrimonial Passivo;REAL;MIL;PENÚLTIMO;2018-12-31;2.02.04.01;Provisőes Fiscais Previdenciárias Trabalhistas e Cíveis;3635981.0000000000;S
02.800.026/0001-40;2019-12-31;1;COGNA EDUCAÇĂO S.A.;017973;DF Consolidado - Balanço Patrimonial Passivo;REAL;MIL;ÚLTIMO;2019-12-31;2.02.04.01;Provisőes Fiscais Previdenciárias Trabalhistas e Cíveis;3103467.0000000000;S
02.800.026/0001-40;2019-12-31;1;COGNA EDUCAÇĂO S.A.;017973;DF Consolidado - Balanço Patrimonial Passivo;REAL;MIL;PENÚLTIMO;2018-12-31;2.02.04.01.01;Provisőes Fiscais;0.0000000000;S
02.800.026/0001-40;2019-12-31;1;COGNA EDUCAÇĂO S.A.;017973;DF Consolidado - Balanço Patrimonial Passivo;REAL;MIL;ÚLTIMO;2019-12-31;2.02.04.01.01;Provisőes Fiscais;0.0000000000;S
02.800.026/0001-40;2019-12-31;1;COGNA EDUCAÇĂO S.A.;017973;DF Consolidado - Balanço Patrimonial Passivo;REAL;MIL;PENÚLTIMO;2018-12-31;2.02.04.01.02;Provisőes Previdenciárias e Trabalhistas;0.0000000000;S
02.800.026/0001-40;2019-12-31;1;COGNA EDUCAÇĂO S.A.;017973;DF Consolidado - Balanço Patrimonial Passivo;REAL;MIL;ÚLTIMO;2019-12-31;2.02.04.01.02;Provisőes Previdenciárias e Trabalhistas;0.0000000000;S
02.800.026/0001-40;2019-12-31;1;COGNA EDUCAÇĂO S.A.;017973;DF Consolidado - Balanço Patrimonial Passivo;REAL;MIL;PENÚLTIMO;2018-12-31;2.02.04.01.03;Provisőes para Benefícios a Empregados;0.0000000000;S
02.800.026/0001-40;2019-12-31;1;COGNA EDUCAÇĂO S.A.;017973;DF Consolidado - Balanço Patrimonial Passivo;REAL;MIL;ÚLTIMO;2019-12-31;2.02.04.01.03;Provisőes para Benefícios a Empregados;0.0000000000;S
02.800.026/0001-40;2019-12-31;1;COGNA EDUCAÇĂO S.A.;017973;DF Consolidado - Balanço Patrimonial Passivo;REAL;MIL;PENÚLTIMO;2018-12-31;2.02.04.01.04;Provisőes Cíveis;0.0000000000;S
02.800.026/0001-40;2019-12-31;1;COGNA EDUCAÇĂO S.A.;017973;DF Consolidado - Balanço Patrimonial Passivo;REAL;MIL;ÚLTIMO;2019-12-31;2.02.04.01.04;Provisőes Cíveis;0.0000000000;S
02.800.026/0001-40;2019-12-31;1;COGNA EDUCAÇĂO S.A.;017973;DF Consolidado - Balanço Patrimonial Passivo;REAL;MIL;PENÚLTIMO;2018-12-31;2.02.04.01.05;Provisăo para perdas tributárias, trabalhistas e cíveis;422933.0000000000;N
02.800.026/0001-40;2019-12-31;1;COGNA EDUCAÇĂO S.A.;017973;DF Consolidado - Balanço Patrimonial Passivo;REAL;MIL;ÚLTIMO;2019-12-31;2.02.04.01.05;Provisăo para perdas tributárias, trabalhistas e cíveis;471924.0000000000;N
02.800.026/0001-40;2019-12-31;1;COGNA EDUCAÇĂO S.A.;017973;DF Consolidado - Balanço Patrimonial Passivo;REAL;MIL;PENÚLTIMO;2018-12-31;2.02.04.01.06;Passivos assumidos na combinaçăo de negócio;3213048.0000000000;N
02.800.026/0001-40;2019-12-31;1;COGNA EDUCAÇĂO S.A.;017973;DF Consolidado - Balanço Patrimonial Passivo;REAL;MIL;ÚLTIMO;2019-12-31;2.02.04.01.06;Passivos assumidos na combinaçăo de negócio;2631543.0000000000;N
02.800.026/0001-40;2019-12-31;1;COGNA EDUCAÇĂO S.A.;017973;DF Consolidado - Balanço Patrimonial Passivo;REAL;MIL;PENÚLTIMO;2018-12-31;2.02.04.02;Outras Provisőes;0.0000000000;S
02.800.026/0001-40;2019-12-31;1;COGNA EDUCAÇĂO S.A.;017973;DF Consolidado - Balanço Patrimonial Passivo;REAL;MIL;ÚLTIMO;2019-12-31;2.02.04.02;Outras Provisőes;0.0000000000;S
02.800.026/0001-40;2019-12-31;1;COGNA EDUCAÇĂO S.A.;017973;DF Consolidado - Balanço Patrimonial Passivo;REAL;MIL;PENÚLTIMO;2018-12-31;2.02.04.02.01;Provisőes para Garantias;0.0000000000;S
02.800.026/0001-40;2019-12-31;1;COGNA EDUCAÇĂO S.A.;017973;DF Consolidado - Balanço Patrimonial Passivo;REAL;MIL;ÚLTIMO;2019-12-31;2.02.04.02.01;Provisőes para Garantias;0.0000000000;S
02.800.026/0001-40;2019-12-31;1;COGNA EDUCAÇĂO S.A.;017973;DF Consolidado - Balanço Patrimonial Passivo;REAL;MIL;PENÚLTIMO;2018-12-31;2.02.04.02.02;Provisőes para Reestruturaçăo;0.0000000000;S
02.800.026/0001-40;2019-12-31;1;COGNA EDUCAÇĂO S.A.;017973;DF Consolidado - Balanço Patrimonial Passivo;REAL;MIL;ÚLTIMO;2019-12-31;2.02.04.02.02;Provisőes para Reestruturaçăo;0.0000000000;S
02.800.026/0001-40;2019-12-31;1;COGNA EDUCAÇĂO S.A.;017973;DF Consolidado - Balanço Patrimonial Passivo;REAL;MIL;PENÚLTIMO;2018-12-31;2.02.04.02.03;Provisőes para Passivos Ambientais e de Desativaçăo;0.0000000000;S
02.800.026/0001-40;2019-12-31;1;COGNA EDUCAÇĂO S.A.;017973;DF Consolidado - Balanço Patrimonial Passivo;REAL;MIL;ÚLTIMO;2019-12-31;2.02.04.02.03;Provisőes para Passivos Ambientais e de Desativaçăo;0.0000000000;S
02.800.026/0001-40;2019-12-31;1;COGNA EDUCAÇĂO S.A.;017973;DF Consolidado - Balanço Patrimonial Passivo;REAL;MIL;PENÚLTIMO;2018-12-31;2.02.05;Passivos sobre Ativos Năo-Correntes a Venda e Descontinuados;0.0000000000;S
02.800.026/0001-40;2019-12-31;1;COGNA EDUCAÇĂO S.A.;017973;DF Consolidado - Balanço Patrimonial Passivo;REAL;MIL;ÚLTIMO;2019-12-31;2.02.05;Passivos sobre Ativos Năo-Correntes a Venda e Descontinuados;0.0000000000;S
02.800.026/0001-40;2019-12-31;1;COGNA EDUCAÇĂO S.A.;017973;DF Consolidado - Balanço Patrimonial Passivo;REAL;MIL;PENÚLTIMO;2018-12-31;2.02.05.01;Passivos sobre Ativos Năo-Correntes a Venda;0.0000000000;S
02.800.026/0001-40;2019-12-31;1;COGNA EDUCAÇĂO S.A.;017973;DF Consolidado - Balanço Patrimonial Passivo;REAL;MIL;ÚLTIMO;2019-12-31;2.02.05.01;Passivos sobre Ativos Năo-Correntes a Venda;0.0000000000;S
02.800.026/0001-40;2019-12-31;1;COGNA EDUCAÇĂO S.A.;017973;DF Consolidado - Balanço Patrimonial Passivo;REAL;MIL;PENÚLTIMO;2018-12-31;2.02.05.02;Passivos sobre Ativos de Operaçőes Descontinuadas;0.0000000000;S
02.800.026/0001-40;2019-12-31;1;COGNA EDUCAÇĂO S.A.;017973;DF Consolidado - Balanço Patrimonial Passivo;REAL;MIL;ÚLTIMO;2019-12-31;2.02.05.02;Passivos sobre Ativos de Operaçőes Descontinuadas;0.0000000000;S
02.800.026/0001-40;2019-12-31;1;COGNA EDUCAÇĂO S.A.;017973;DF Consolidado - Balanço Patrimonial Passivo;REAL;MIL;PENÚLTIMO;2018-12-31;2.02.06;Lucros e Receitas a Apropriar;0.0000000000;S
02.800.026/0001-40;2019-12-31;1;COGNA EDUCAÇĂO S.A.;017973;DF Consolidado - Balanço Patrimonial Passivo;REAL;MIL;ÚLTIMO;2019-12-31;2.02.06;Lucros e Receitas a Apropriar;0.0000000000;S
02.800.026/0001-40;2019-12-31;1;COGNA EDUCAÇĂO S.A.;017973;DF Consolidado - Balanço Patrimonial Passivo;REAL;MIL;PENÚLTIMO;2018-12-31;2.02.06.01;Lucros a Apropriar;0.0000000000;S
02.800.026/0001-40;2019-12-31;1;COGNA EDUCAÇĂO S.A.;017973;DF Consolidado - Balanço Patrimonial Passivo;REAL;MIL;ÚLTIMO;2019-12-31;2.02.06.01;Lucros a Apropriar;0.0000000000;S
02.800.026/0001-40;2019-12-31;1;COGNA EDUCAÇĂO S.A.;017973;DF Consolidado - Balanço Patrimonial Passivo;REAL;MIL;PENÚLTIMO;2018-12-31;2.02.06.02;Receitas a Apropriar;0.0000000000;S
02.800.026/0001-40;2019-12-31;1;COGNA EDUCAÇĂO S.A.;017973;DF Consolidado - Balanço Patrimonial Passivo;REAL;MIL;ÚLTIMO;2019-12-31;2.02.06.02;Receitas a Apropriar;0.0000000000;S
02.800.026/0001-40;2019-12-31;1;COGNA EDUCAÇĂO S.A.;017973;DF Consolidado - Balanço Patrimonial Passivo;REAL;MIL;PENÚLTIMO;2018-12-31;2.02.06.03;Subvençőes de Investimento a Apropriar;0.0000000000;S
02.800.026/0001-40;2019-12-31;1;COGNA EDUCAÇĂO S.A.;017973;DF Consolidado - Balanço Patrimonial Passivo;REAL;MIL;ÚLTIMO;2019-12-31;2.02.06.03;Subvençőes de Investimento a Apropriar;0.0000000000;S
02.800.026/0001-40;2019-12-31;1;COGNA EDUCAÇĂO S.A.;017973;DF Consolidado - Balanço Patrimonial Passivo;REAL;MIL;PENÚLTIMO;2018-12-31;2.03;Patrimônio Líquido Consolidado;17473060.0000000000;S
02.800.026/0001-40;2019-12-31;1;COGNA EDUCAÇĂO S.A.;017973;DF Consolidado - Balanço Patrimonial Passivo;REAL;MIL;ÚLTIMO;2019-12-31;2.03;Patrimônio Líquido Consolidado;15835269.0000000000;S
02.800.026/0001-40;2019-12-31;1;COGNA EDUCAÇĂO S.A.;017973;DF Consolidado - Balanço Patrimonial Passivo;REAL;MIL;PENÚLTIMO;2018-12-31;2.03.01;Capital Social Realizado;4425677.0000000000;S
02.800.026/0001-40;2019-12-31;1;COGNA EDUCAÇĂO S.A.;017973;DF Consolidado - Balanço Patrimonial Passivo;REAL;MIL;ÚLTIMO;2019-12-31;2.03.01;Capital Social Realizado;5111677.0000000000;S
02.800.026/0001-40;2019-12-31;1;COGNA EDUCAÇĂO S.A.;017973;DF Consolidado - Balanço Patrimonial Passivo;REAL;MIL;PENÚLTIMO;2018-12-31;2.03.02;Reservas de Capital;6189462.0000000000;S
02.800.026/0001-40;2019-12-31;1;COGNA EDUCAÇĂO S.A.;017973;DF Consolidado - Balanço Patrimonial Passivo;REAL;MIL;ÚLTIMO;2019-12-31;2.03.02;Reservas de Capital;6278739.0000000000;S
02.800.026/0001-40;2019-12-31;1;COGNA EDUCAÇĂO S.A.;017973;DF Consolidado - Balanço Patrimonial Passivo;REAL;MIL;PENÚLTIMO;2018-12-31;2.03.02.01;Ágio na Emissăo de Açőes;0.0000000000;S
02.800.026/0001-40;2019-12-31;1;COGNA EDUCAÇĂO S.A.;017973;DF Consolidado - Balanço Patrimonial Passivo;REAL;MIL;ÚLTIMO;2019-12-31;2.03.02.01;Ágio na Emissăo de Açőes;0.0000000000;S
02.800.026/0001-40;2019-12-31;1;COGNA EDUCAÇĂO S.A.;017973;DF Consolidado - Balanço Patrimonial Passivo;REAL;MIL;PENÚLTIMO;2018-12-31;2.03.02.02;Reserva Especial de Ágio na Incorporaçăo;0.0000000000;S
02.800.026/0001-40;2019-12-31;1;COGNA EDUCAÇĂO S.A.;017973;DF Consolidado - Balanço Patrimonial Passivo;REAL;MIL;ÚLTIMO;2019-12-31;2.03.02.02;Reserva Especial de Ágio na Incorporaçăo;0.0000000000;S
02.800.026/0001-40;2019-12-31;1;COGNA EDUCAÇĂO S.A.;017973;DF Consolidado - Balanço Patrimonial Passivo;REAL;MIL;PENÚLTIMO;2018-12-31;2.03.02.03;Alienaçăo de Bônus de Subscriçăo;0.0000000000;S
02.800.026/0001-40;2019-12-31;1;COGNA EDUCAÇĂO S.A.;017973;DF Consolidado - Balanço Patrimonial Passivo;REAL;MIL;ÚLTIMO;2019-12-31;2.03.02.03;Alienaçăo de Bônus de Subscriçăo;0.0000000000;S
02.800.026/0001-40;2019-12-31;1;COGNA EDUCAÇĂO S.A.;017973;DF Consolidado - Balanço Patrimonial Passivo;REAL;MIL;PENÚLTIMO;2018-12-31;2.03.02.04;Opçőes Outorgadas;0.0000000000;S
02.800.026/0001-40;2019-12-31;1;COGNA EDUCAÇĂO S.A.;017973;DF Consolidado - Balanço Patrimonial Passivo;REAL;MIL;ÚLTIMO;2019-12-31;2.03.02.04;Opçőes Outorgadas;0.0000000000;S
02.800.026/0001-40;2019-12-31;1;COGNA EDUCAÇĂO S.A.;017973;DF Consolidado - Balanço Patrimonial Passivo;REAL;MIL;PENÚLTIMO;2018-12-31;2.03.02.05;Açőes em Tesouraria;-190280.0000000000;S
02.800.026/0001-40;2019-12-31;1;COGNA EDUCAÇĂO S.A.;017973;DF Consolidado - Balanço Patrimonial Passivo;REAL;MIL;ÚLTIMO;2019-12-31;2.03.02.05;Açőes em Tesouraria;-121428.0000000000;S
02.800.026/0001-40;2019-12-31;1;COGNA EDUCAÇĂO S.A.;017973;DF Consolidado - Balanço Patrimonial Passivo;REAL;MIL;PENÚLTIMO;2018-12-31;2.03.02.06;Adiantamento para Futuro Aumento de Capital;0.0000000000;S
02.800.026/0001-40;2019-12-31;1;COGNA EDUCAÇĂO S.A.;017973;DF Consolidado - Balanço Patrimonial Passivo;REAL;MIL;ÚLTIMO;2019-12-31;2.03.02.06;Adiantamento para Futuro Aumento de Capital;0.0000000000;S
02.800.026/0001-40;2019-12-31;1;COGNA EDUCAÇĂO S.A.;017973;DF Consolidado - Balanço Patrimonial Passivo;REAL;MIL;PENÚLTIMO;2018-12-31;2.03.02.07;Reserva de Capital;6379742.0000000000;N
02.800.026/0001-40;2019-12-31;1;COGNA EDUCAÇĂO S.A.;017973;DF Consolidado - Balanço Patrimonial Passivo;REAL;MIL;ÚLTIMO;2019-12-31;2.03.02.07;Reserva de Capital;6400167.0000000000;N
02.800.026/0001-40;2019-12-31;1;COGNA EDUCAÇĂO S.A.;017973;DF Consolidado - Balanço Patrimonial Passivo;REAL;MIL;PENÚLTIMO;2018-12-31;2.03.03;Reservas de Reavaliaçăo;0.0000000000;S
02.800.026/0001-40;2019-12-31;1;COGNA EDUCAÇĂO S.A.;017973;DF Consolidado - Balanço Patrimonial Passivo;REAL;MIL;ÚLTIMO;2019-12-31;2.03.03;Reservas de Reavaliaçăo;0.0000000000;S
02.800.026/0001-40;2019-12-31;1;COGNA EDUCAÇĂO S.A.;017973;DF Consolidado - Balanço Patrimonial Passivo;REAL;MIL;PENÚLTIMO;2018-12-31;2.03.04;Reservas de Lucros;5287505.0000000000;S
02.800.026/0001-40;2019-12-31;1;COGNA EDUCAÇĂO S.A.;017973;DF Consolidado - Balanço Patrimonial Passivo;REAL;MIL;ÚLTIMO;2019-12-31;2.03.04;Reservas de Lucros;4441990.0000000000;S
02.800.026/0001-40;2019-12-31;1;COGNA EDUCAÇĂO S.A.;017973;DF Consolidado - Balanço Patrimonial Passivo;REAL;MIL;PENÚLTIMO;2018-12-31;2.03.04.01;Reserva Legal;0.0000000000;S
02.800.026/0001-40;2019-12-31;1;COGNA EDUCAÇĂO S.A.;017973;DF Consolidado - Balanço Patrimonial Passivo;REAL;MIL;ÚLTIMO;2019-12-31;2.03.04.01;Reserva Legal;0.0000000000;S
02.800.026/0001-40;2019-12-31;1;COGNA EDUCAÇĂO S.A.;017973;DF Consolidado - Balanço Patrimonial Passivo;REAL;MIL;PENÚLTIMO;2018-12-31;2.03.04.02;Reserva Estatutária;0.0000000000;S
02.800.026/0001-40;2019-12-31;1;COGNA EDUCAÇĂO S.A.;017973;DF Consolidado - Balanço Patrimonial Passivo;REAL;MIL;ÚLTIMO;2019-12-31;2.03.04.02;Reserva Estatutária;0.0000000000;S
02.800.026/0001-40;2019-12-31;1;COGNA EDUCAÇĂO S.A.;017973;DF Consolidado - Balanço Patrimonial Passivo;REAL;MIL;PENÚLTIMO;2018-12-31;2.03.04.03;Reserva para Contingęncias;0.0000000000;S
02.800.026/0001-40;2019-12-31;1;COGNA EDUCAÇĂO S.A.;017973;DF Consolidado - Balanço Patrimonial Passivo;REAL;MIL;ÚLTIMO;2019-12-31;2.03.04.03;Reserva para Contingęncias;0.0000000000;S
02.800.026/0001-40;2019-12-31;1;COGNA EDUCAÇĂO S.A.;017973;DF Consolidado - Balanço Patrimonial Passivo;REAL;MIL;PENÚLTIMO;2018-12-31;2.03.04.04;Reserva de Lucros a Realizar;0.0000000000;S
02.800.026/0001-40;2019-12-31;1;COGNA EDUCAÇĂO S.A.;017973;DF Consolidado - Balanço Patrimonial Passivo;REAL;MIL;ÚLTIMO;2019-12-31;2.03.04.04;Reserva de Lucros a Realizar;0.0000000000;S
02.800.026/0001-40;2019-12-31;1;COGNA EDUCAÇĂO S.A.;017973;DF Consolidado - Balanço Patrimonial Passivo;REAL;MIL;PENÚLTIMO;2018-12-31;2.03.04.05;Reserva de Retençăo de Lucros;0.0000000000;S
02.800.026/0001-40;2019-12-31;1;COGNA EDUCAÇĂO S.A.;017973;DF Consolidado - Balanço Patrimonial Passivo;REAL;MIL;ÚLTIMO;2019-12-31;2.03.04.05;Reserva de Retençăo de Lucros;0.0000000000;S
02.800.026/0001-40;2019-12-31;1;COGNA EDUCAÇĂO S.A.;017973;DF Consolidado - Balanço Patrimonial Passivo;REAL;MIL;PENÚLTIMO;2018-12-31;2.03.04.06;Reserva Especial para Dividendos Năo Distribuídos;0.0000000000;S
02.800.026/0001-40;2019-12-31;1;COGNA EDUCAÇĂO S.A.;017973;DF Consolidado - Balanço Patrimonial Passivo;REAL;MIL;ÚLTIMO;2019-12-31;2.03.04.06;Reserva Especial para Dividendos Năo Distribuídos;0.0000000000;S
02.800.026/0001-40;2019-12-31;1;COGNA EDUCAÇĂO S.A.;017973;DF Consolidado - Balanço Patrimonial Passivo;REAL;MIL;PENÚLTIMO;2018-12-31;2.03.04.07;Reserva de Incentivos Fiscais;0.0000000000;S
02.800.026/0001-40;2019-12-31;1;COGNA EDUCAÇĂO S.A.;017973;DF Consolidado - Balanço Patrimonial Passivo;REAL;MIL;ÚLTIMO;2019-12-31;2.03.04.07;Reserva de Incentivos Fiscais;0.0000000000;S
02.800.026/0001-40;2019-12-31;1;COGNA EDUCAÇĂO S.A.;017973;DF Consolidado - Balanço Patrimonial Passivo;REAL;MIL;PENÚLTIMO;2018-12-31;2.03.04.08;Dividendo Adicional Proposto;0.0000000000;S
02.800.026/0001-40;2019-12-31;1;COGNA EDUCAÇĂO S.A.;017973;DF Consolidado - Balanço Patrimonial Passivo;REAL;MIL;ÚLTIMO;2019-12-31;2.03.04.08;Dividendo Adicional Proposto;0.0000000000;S
02.800.026/0001-40;2019-12-31;1;COGNA EDUCAÇĂO S.A.;017973;DF Consolidado - Balanço Patrimonial Passivo;REAL;MIL;PENÚLTIMO;2018-12-31;2.03.04.09;Açőes em Tesouraria;0.0000000000;S
02.800.026/0001-40;2019-12-31;1;COGNA EDUCAÇĂO S.A.;017973;DF Consolidado - Balanço Patrimonial Passivo;REAL;MIL;ÚLTIMO;2019-12-31;2.03.04.09;Açőes em Tesouraria;0.0000000000;S
02.800.026/0001-40;2019-12-31;1;COGNA EDUCAÇĂO S.A.;017973;DF Consolidado - Balanço Patrimonial Passivo;REAL;MIL;PENÚLTIMO;2018-12-31;2.03.05;Lucros/Prejuízos Acumulados;0.0000000000;S
02.800.026/0001-40;2019-12-31;1;COGNA EDUCAÇĂO S.A.;017973;DF Consolidado - Balanço Patrimonial Passivo;REAL;MIL;ÚLTIMO;2019-12-31;2.03.05;Lucros/Prejuízos Acumulados;0.0000000000;S
02.800.026/0001-40;2019-12-31;1;COGNA EDUCAÇĂO S.A.;017973;DF Consolidado - Balanço Patrimonial Passivo;REAL;MIL;PENÚLTIMO;2018-12-31;2.03.06;Ajustes de Avaliaçăo Patrimonial;0.0000000000;S
02.800.026/0001-40;2019-12-31;1;COGNA EDUCAÇĂO S.A.;017973;DF Consolidado - Balanço Patrimonial Passivo;REAL;MIL;ÚLTIMO;2019-12-31;2.03.06;Ajustes de Avaliaçăo Patrimonial;0.0000000000;S
02.800.026/0001-40;2019-12-31;1;COGNA EDUCAÇĂO S.A.;017973;DF Consolidado - Balanço Patrimonial Passivo;REAL;MIL;PENÚLTIMO;2018-12-31;2.03.07;Ajustes Acumulados de Conversăo;0.0000000000;S
02.800.026/0001-40;2019-12-31;1;COGNA EDUCAÇĂO S.A.;017973;DF Consolidado - Balanço Patrimonial Passivo;REAL;MIL;ÚLTIMO;2019-12-31;2.03.07;Ajustes Acumulados de Conversăo;0.0000000000;S
02.800.026/0001-40;2019-12-31;1;COGNA EDUCAÇĂO S.A.;017973;DF Consolidado - Balanço Patrimonial Passivo;REAL;MIL;PENÚLTIMO;2018-12-31;2.03.08;Outros Resultados Abrangentes;0.0000000000;S
02.800.026/0001-40;2019-12-31;1;COGNA EDUCAÇĂO S.A.;017973;DF Consolidado - Balanço Patrimonial Passivo;REAL;MIL;ÚLTIMO;2019-12-31;2.03.08;Outros Resultados Abrangentes;0.0000000000;S
02.800.026/0001-40;2019-12-31;1;COGNA EDUCAÇĂO S.A.;017973;DF Consolidado - Balanço Patrimonial Passivo;REAL;MIL;PENÚLTIMO;2018-12-31;2.03.09;Participaçăo dos Acionistas Năo Controladores;1570416.0000000000;S
02.800.026/0001-40;2019-12-31;1;COGNA EDUCAÇĂO S.A.;017973;DF Consolidado - Balanço Patrimonial Passivo;REAL;MIL;ÚLTIMO;2019-12-31;2.03.09;Participaçăo dos Acionistas Năo Controladores;2863.0000000000;S